"11sx -- Environmental goods and services, 2012-2021",,,,,,
,,,,,,
Year,Industry,Environmental goods and services class,Turnover of environmental goods and services sector,Value added of environmental goods and services sector,Exports of environmental goods and services sector (,Employment of environmental goods and services sector
2015,"A Agriculture, forestry and fishing",Total,2485,1867,58,12930
2015,B Mining and quarrying,Total,4,1,1,17
2015,C Manufacturing,Total,10399,2556,7020,24311
2015,"D Electricity,  gas, steam and air conditioning supply",Total,3966,1826,66,5732
2015,"E Water supply; sewerage, waste management and remediation activities",Total,3440,1664,306,12159
2015,F Construction,Total,11447,4180,0,56844
2015,G Wholesale and retail trade; repair of motor vehicles and motorcycles,Total,135,71,3,1140
2015,H Transportation and storage,Total,.,.,.,.
2015,I Accommodation and food service activities,Total,1857,763,23,20525
2015,J Information and communication,Total,.,.,.,.
2015,K Financial and insurance activities,Total,2,1,0,6
2015,L Real estate activities,Total,.,.,.,.
2015,"M Professional, scientific and technical activities",Total,1341,760,451,13812
2015,N Administrative and support service activities,Total,523,279,.,8129
2015,O Public administration and defence; compulsory social security,Total,.,.,.,.
2015,P Education,Total,.,.,.,.
2015,Q Human health and social work activities,Total,.,.,.,.
2015,"R Arts, entertainment and recreation",Total,28,40,.,931
2015,S Other service activities,Total,12,25,.,579
2015,T Activities of households as employers; undifferentiated goods- and services-producing activities of households for own use,Total,.,.,.,.
2015,U Activities of extraterritorial organisations and bodies,Total,.,.,.,.
2015,"01 Crop and animal production, hunting and related service activities",Total,99,29,20,1804
2015,02 Forestry and logging,Total,2386,1838,38,11126
2015,03 Fishing and aquaculture,Total,.,.,.,.
2015,05 Mining of coal and lignite,Total,.,.,.,.
2015,06 Extraction of crude petroleum and natural gas,Total,.,.,.,.
2015,07 Mining of metal ores,Total,.,.,.,.
2015,08 Other mining and quarrying,Total,4,1,1,17
2015,09 Mining support service activities,Total,.,.,.,.
2015,10 Manufacture of food products,Total,0,0,0,0
2015,11 Manufacture of beverages,Total,.,.,.,.
2015,12 Manufacture of tobacco products,Total,.,.,.,.
2015,13 Manufacture of textiles,Total,10,4,5,88
2015,14 Manufacture of wearing apparel,Total,.,.,.,.
2015,15 Manufacture of leather and related products,Total,.,.,.,.
2015,"16 Manufacture of wood and of products of wood and cork, except furniture; manufacture of articles of straw and plaiting materials",Total,824,174,366,3193
2015,17 Manufacture of paper and paper products,Total,1879,435,1267,2744
2015,18 Printing and reproduction of recorded media,Total,.,.,.,.
2015,19 Manufacture of coke and refined petroleum products,Total,.,.,.,.
2015,20 Manufacture of chemicals and chemical products,Total,1352,367,1090,2324
2015,21 Manufacture of basic pharmaceutical products and pharmaceutical preparations,Total,.,.,.,.
2015,22 Manufacture of rubber and plastic products,Total,239,82,123,1060
2015,23 Manufacture of other non-metallic mineral products,Total,139,50,26,675
2015,24 Manufacture of basic metals,Total,4354,831,3075,7392
2015,"25 Manufacture of fabricated metal products, except machinery and equipment",Total,331,124,69,2172
2015,"26 Manufacture of computer, electronic and optical products",Total,29,13,11,83
2015,27 Manufacture of electrical equipment,Total,770,315,697,2955
2015,28 Manufacture of machinery and equipment n.e.c.,Total,461,157,278,1572
2015,"29 Manufacture of motor vehicles, trailers and semi-trailers",Total,12,4,12,53
2015,30 Manufacture of other transport equipment,Total,.,.,.,.
2015,31 Manufacture of furniture,Total,.,.,.,.
2015,32 Other manufacturing,Total,.,.,.,.
2015,33 Repair and installation of machinery and equipment,Total,.,.,.,.
2015,"35 Electricity, gas, steam and air conditioning supply",Total,3966,1826,66,5732
2015,"36 Water collection, treatment and supply",Total,693,409,.,2600
2015,37 Sewerage,Total,702,453,.,2106
2015,"38 Waste collection, treatment and disposal activities; materials recovery",Total,1944,758,306,7053
2015,39 Remediation activities and other waste management services,Total,101,44,.,400
2015,41 Construction of buildings,Total,6621,2233,.,25924
2015,42 Civil engineering,Total,1960,723,0,10776
2015,43 Specialised construction activities,Total,2866,1223,.,20143
2015,45 Wholesale and retail trade and repair of motor vehicles and motorcycles,Total,.,.,.,.
2015,"46 Wholesale trade, except of motor vehicles and motorcycles",Total,88,46,3,527
2015,"47 Retail trade, except of motor vehicles and motorcycles",Total,46,25,.,613
2015,49 Land transport and transport via pipelines,Total,.,.,.,.
2015,50 Water transport,Total,.,.,.,.
2015,51 Air transport,Total,.,.,.,.
2015,52 Warehousing and support activities for transportation,Total,.,.,.,.
2015,53 Postal and courier activities,Total,.,.,.,.
2015,55 Accommodation,Total,441,155,.,3750
2015,56 Food and beverage service activities,Total,1416,608,23,16775
2015,58 Publishing activities,Total,.,.,.,.
2015,"59 Motion picture, video and television programme production, sound recording and music publishing activities",Total,.,.,.,.
2015,60 Programming and broadcasting activities,Total,.,.,.,.
2015,61 Telecommunications,Total,.,.,.,.
2015,"62 Computer programming, consultancy and related activities",Total,.,.,.,.
2015,63 Information service activities,Total,.,.,.,.
2015,"64 Financial service activities, except insurance and pension funding",Total,.,.,.,.
2015,"65 Insurance, reinsurance and pension funding, except compulsory social security",Total,2,1,0,6
2015,66 Activities auxiliary to financial services and insurance activities,Total,.,.,.,.
2015,68 Real estate activities,Total,.,.,.,.
2015,69 Legal and accounting activities,Total,.,.,.,.
2015,70 Activities of head offices; management consultancy activities,Total,.,.,.,.
2015,71 Architectural and engineering activities; technical testing and analysis,Total,1113,655,451,10291
2015,72 Scientific research and development,Total,.,.,.,.
2015,73 Advertising and market research,Total,.,.,.,.
2015,"74 Other professional, scientific and technical activities",Total,228,105,.,3522
2015,75 Veterinary activities,Total,.,.,.,.
2015,77 Rental and leasing activities,Total,.,.,.,.
2015,78 Employment activities,Total,.,.,.,.
2015,"79 Travel agency, tour operator and other reservation service and related activities",Total,182,54,.,1250
2015,80 Security and investigation activities,Total,.,.,.,.
2015,81 Services to buildings and landscape activities,Total,341,226,.,6879
2015,"82 Office administrative, office support and other business support activities",Total,.,.,.,.
2015,84 Public administration and defence; compulsory social security,Total,.,.,.,.
2015,85 Education,Total,.,.,.,.
2015,86 Human health activities,Total,.,.,.,.
2015,87 Residential care activities,Total,.,.,.,.
2015,88 Social work activities without accommodation,Total,.,.,.,.
2015,"90 Creative, arts and entertainment activities",Total,.,.,.,.
2015,"91 Libraries, archives, museums and other cultural activities",Total,28,40,.,931
2015,92 Gambling and betting activities,Total,.,.,.,.
2015,93 Sports activities and amusement and recreation activities,Total,.,.,.,.
2015,94 Activities of membership organisations,Total,12,25,.,579
2015,95 Repair of computers and personal and household goods,Total,.,.,.,.
2015,96 Other personal service activities,Total,.,.,.,.
2015,97 Activities of households as employers of domestic personnel,Total,.,.,.,.
2015,98 Undifferentiated goods- and services-producing activities of private households for own use,Total,.,.,.,.
2015,99 Activities of extraterritorial organisations and bodies,Total,.,.,.,.
2016,"A Agriculture, forestry and fishing",Total,2627,1996,50,12674
2016,B Mining and quarrying,Total,5,2,1,21
2016,C Manufacturing,Total,10127,2471,6994,23630
2016,"D Electricity,  gas, steam and air conditioning supply",Total,3965,1751,40,5727
2016,"E Water supply; sewerage, waste management and remediation activities",Total,3458,1711,259,12205
2016,F Construction,Total,13309,4720,178,63398
2016,G Wholesale and retail trade; repair of motor vehicles and motorcycles,Total,129,68,4,1088
2016,H Transportation and storage,Total,.,.,.,.
2016,I Accommodation and food service activities,Total,1944,813,23,21050
2016,J Information and communication,Total,.,.,.,.
2016,K Financial and insurance activities,Total,2,1,0,5
2016,L Real estate activities,Total,.,.,.,.
2016,"M Professional, scientific and technical activities",Total,1400,807,566,14253
2016,N Administrative and support service activities,Total,509,272,.,7530
2016,O Public administration and defence; compulsory social security,Total,.,.,.,.
2016,P Education,Total,.,.,.,.
2016,Q Human health and social work activities,Total,.,.,.,.
2016,"R Arts, entertainment and recreation",Total,27,36,0,825
2016,S Other service activities,Total,12,26,.,591
2016,T Activities of households as employers; undifferentiated goods- and services-producing activities of households for own use,Total,.,.,.,.
2016,U Activities of extraterritorial organisations and bodies,Total,.,.,.,.
2016,"01 Crop and animal production, hunting and related service activities",Total,94,29,11,1583
2016,02 Forestry and logging,Total,2532,1967,39,11092
2016,03 Fishing and aquaculture,Total,.,.,.,.
2016,05 Mining of coal and lignite,Total,.,.,.,.
2016,06 Extraction of crude petroleum and natural gas,Total,.,.,.,.
2016,07 Mining of metal ores,Total,.,.,.,.
2016,08 Other mining and quarrying,Total,5,2,1,21
2016,09 Mining support service activities,Total,.,.,.,.
2016,10 Manufacture of food products,Total,0,0,0,0
2016,11 Manufacture of beverages,Total,.,.,.,.
2016,12 Manufacture of tobacco products,Total,.,.,.,.
2016,13 Manufacture of textiles,Total,9,4,5,76
2016,14 Manufacture of wearing apparel,Total,.,.,.,.
2016,15 Manufacture of leather and related products,Total,.,.,.,.
2016,"16 Manufacture of wood and of products of wood and cork, except furniture; manufacture of articles of straw and plaiting materials",Total,896,187,398,3372
2016,17 Manufacture of paper and paper products,Total,1914,451,1340,2861
2016,18 Printing and reproduction of recorded media,Total,.,.,.,.
2016,19 Manufacture of coke and refined petroleum products,Total,.,.,.,.
2016,20 Manufacture of chemicals and chemical products,Total,1348,384,1114,2368
2016,21 Manufacture of basic pharmaceutical products and pharmaceutical preparations,Total,.,.,.,.
2016,22 Manufacture of rubber and plastic products,Total,227,81,126,991
2016,23 Manufacture of other non-metallic mineral products,Total,148,55,27,696
2016,24 Manufacture of basic metals,Total,4129,751,3019,7372
2016,"25 Manufacture of fabricated metal products, except machinery and equipment",Total,225,83,44,1454
2016,"26 Manufacture of computer, electronic and optical products",Total,41,21,17,120
2016,27 Manufacture of electrical equipment,Total,758,309,653,2839
2016,28 Manufacture of machinery and equipment n.e.c.,Total,416,139,230,1404
2016,"29 Manufacture of motor vehicles, trailers and semi-trailers",Total,17,5,19,77
2016,30 Manufacture of other transport equipment,Total,.,.,.,.
2016,31 Manufacture of furniture,Total,.,.,.,.
2016,32 Other manufacturing,Total,.,.,.,.
2016,33 Repair and installation of machinery and equipment,Total,.,.,.,.
2016,"35 Electricity, gas, steam and air conditioning supply",Total,3965,1751,40,5727
2016,"36 Water collection, treatment and supply",Total,724,452,.,2600
2016,37 Sewerage,Total,724,471,.,2005
2016,"38 Waste collection, treatment and disposal activities; materials recovery",Total,1894,740,259,7204
2016,39 Remediation activities and other waste management services,Total,116,49,.,397
2016,41 Construction of buildings,Total,7733,2492,178,29823
2016,42 Civil engineering,Total,2481,904,0,12993
2016,43 Specialised construction activities,Total,3095,1323,.,20582
2016,45 Wholesale and retail trade and repair of motor vehicles and motorcycles,Total,.,.,.,.
2016,"46 Wholesale trade, except of motor vehicles and motorcycles",Total,84,43,4,506
2016,"47 Retail trade, except of motor vehicles and motorcycles",Total,44,24,0,582
2016,49 Land transport and transport via pipelines,Total,.,.,.,.
2016,50 Water transport,Total,.,.,.,.
2016,51 Air transport,Total,.,.,.,.
2016,52 Warehousing and support activities for transportation,Total,.,.,.,.
2016,53 Postal and courier activities,Total,.,.,.,.
2016,55 Accommodation,Total,458,169,.,3725
2016,56 Food and beverage service activities,Total,1486,644,23,17325
2016,58 Publishing activities,Total,.,.,.,.
2016,"59 Motion picture, video and television programme production, sound recording and music publishing activities",Total,.,.,.,.
2016,60 Programming and broadcasting activities,Total,.,.,.,.
2016,61 Telecommunications,Total,.,.,.,.
2016,"62 Computer programming, consultancy and related activities",Total,.,.,.,.
2016,63 Information service activities,Total,.,.,.,.
2016,"64 Financial service activities, except insurance and pension funding",Total,.,.,.,.
2016,"65 Insurance, reinsurance and pension funding, except compulsory social security",Total,2,1,0,5
2016,66 Activities auxiliary to financial services and insurance activities,Total,.,.,.,.
2016,68 Real estate activities,Total,.,.,.,.
2016,69 Legal and accounting activities,Total,.,.,.,.
2016,70 Activities of head offices; management consultancy activities,Total,.,.,.,.
2016,71 Architectural and engineering activities; technical testing and analysis,Total,1193,714,566,11090
2016,72 Scientific research and development,Total,.,.,.,.
2016,73 Advertising and market research,Total,.,.,.,.
2016,"74 Other professional, scientific and technical activities",Total,207,92,0,3163
2016,75 Veterinary activities,Total,.,.,.,.
2016,77 Rental and leasing activities,Total,.,.,.,.
2016,78 Employment activities,Total,.,.,.,.
2016,"79 Travel agency, tour operator and other reservation service and related activities",Total,183,58,.,1225
2016,80 Security and investigation activities,Total,.,.,.,.
2016,81 Services to buildings and landscape activities,Total,327,214,.,6305
2016,"82 Office administrative, office support and other business support activities",Total,.,.,.,.
2016,84 Public administration and defence; compulsory social security,Total,.,.,.,.
2016,85 Education,Total,.,.,.,.
2016,86 Human health activities,Total,.,.,.,.
2016,87 Residential care activities,Total,.,.,.,.
2016,88 Social work activities without accommodation,Total,.,.,.,.
2016,"90 Creative, arts and entertainment activities",Total,.,.,.,.
2016,"91 Libraries, archives, museums and other cultural activities",Total,27,36,0,825
2016,92 Gambling and betting activities,Total,.,.,.,.
2016,93 Sports activities and amusement and recreation activities,Total,.,.,.,.
2016,94 Activities of membership organisations,Total,12,26,.,591
2016,95 Repair of computers and personal and household goods,Total,.,.,.,.
2016,96 Other personal service activities,Total,.,.,.,.
2016,97 Activities of households as employers of domestic personnel,Total,.,.,.,.
2016,98 Undifferentiated goods- and services-producing activities of private households for own use,Total,.,.,.,.
2016,99 Activities of extraterritorial organisations and bodies,Total,.,.,.,.
2017,"A Agriculture, forestry and fishing",Total,2856,2137,56,13245
2017,B Mining and quarrying,Total,5,2,1,20
2017,C Manufacturing,Total,11628,2921,8146,23945
2017,"D Electricity,  gas, steam and air conditioning supply",Total,4204,1967,26,5946
2017,"E Water supply; sewerage, waste management and remediation activities",Total,3601,1703,332,12585
2017,F Construction,Total,14053,4825,.,65083
2017,G Wholesale and retail trade; repair of motor vehicles and motorcycles,Total,162,86,5,1215
2017,H Transportation and storage,Total,.,.,.,.
2017,I Accommodation and food service activities,Total,2087,877,26,21500
2017,J Information and communication,Total,.,.,.,.
2017,K Financial and insurance activities,Total,2,1,0,6
2017,L Real estate activities,Total,.,.,.,.
2017,"M Professional, scientific and technical activities",Total,1478,854,570,14198
2017,N Administrative and support service activities,Total,484,246,.,6639
2017,O Public administration and defence; compulsory social security,Total,.,.,.,.
2017,P Education,Total,.,.,.,.
2017,Q Human health and social work activities,Total,.,.,.,.
2017,"R Arts, entertainment and recreation",Total,38,47,0,1055
2017,S Other service activities,Total,0,1,.,20
2017,T Activities of households as employers; undifferentiated goods- and services-producing activities of households for own use,Total,.,.,.,.
2017,U Activities of extraterritorial organisations and bodies,Total,.,.,.,.
2017,"01 Crop and animal production, hunting and related service activities",Total,119,37,17,1924
2017,02 Forestry and logging,Total,2736,2100,39,11320
2017,03 Fishing and aquaculture,Total,.,.,.,.
2017,05 Mining of coal and lignite,Total,.,.,.,.
2017,06 Extraction of crude petroleum and natural gas,Total,.,.,.,.
2017,07 Mining of metal ores,Total,.,.,.,.
2017,08 Other mining and quarrying,Total,5,2,1,20
2017,09 Mining support service activities,Total,.,.,.,.
2017,10 Manufacture of food products,Total,0,0,0,0
2017,11 Manufacture of beverages,Total,0,0,0,.
2017,12 Manufacture of tobacco products,Total,.,.,.,.
2017,13 Manufacture of textiles,Total,9,4,5,74
2017,14 Manufacture of wearing apparel,Total,.,.,.,.
2017,15 Manufacture of leather and related products,Total,.,.,.,.
2017,"16 Manufacture of wood and of products of wood and cork, except furniture; manufacture of articles of straw and plaiting materials",Total,929,193,418,3196
2017,17 Manufacture of paper and paper products,Total,2009,468,1414,2750
2017,18 Printing and reproduction of recorded media,Total,.,.,.,.
2017,19 Manufacture of coke and refined petroleum products,Total,.,.,.,.
2017,20 Manufacture of chemicals and chemical products,Total,1946,532,1666,3062
2017,21 Manufacture of basic pharmaceutical products and pharmaceutical preparations,Total,.,.,.,.
2017,22 Manufacture of rubber and plastic products,Total,228,80,126,982
2017,23 Manufacture of other non-metallic mineral products,Total,134,47,23,569
2017,24 Manufacture of basic metals,Total,4719,996,3422,7187
2017,"25 Manufacture of fabricated metal products, except machinery and equipment",Total,306,110,55,1811
2017,"26 Manufacture of computer, electronic and optical products",Total,38,20,16,92
2017,27 Manufacture of electrical equipment,Total,837,311,723,2685
2017,28 Manufacture of machinery and equipment n.e.c.,Total,455,156,259,1457
2017,"29 Manufacture of motor vehicles, trailers and semi-trailers",Total,17,6,20,80
2017,30 Manufacture of other transport equipment,Total,.,.,.,.
2017,31 Manufacture of furniture,Total,.,.,.,.
2017,32 Other manufacturing,Total,.,.,.,.
2017,33 Repair and installation of machinery and equipment,Total,.,.,.,.
2017,"35 Electricity, gas, steam and air conditioning supply",Total,4204,1967,26,5946
2017,"36 Water collection, treatment and supply",Total,740,432,.,2600
2017,37 Sewerage,Total,735,448,.,2106
2017,"38 Waste collection, treatment and disposal activities; materials recovery",Total,2014,773,332,7506
2017,39 Remediation activities and other waste management services,Total,112,49,.,373
2017,41 Construction of buildings,Total,8188,2509,.,31119
2017,42 Civil engineering,Total,2513,911,.,12876
2017,43 Specialised construction activities,Total,3352,1405,.,21088
2017,45 Wholesale and retail trade and repair of motor vehicles and motorcycles,Total,.,.,.,.
2017,"46 Wholesale trade, except of motor vehicles and motorcycles",Total,121,64,5,698
2017,"47 Retail trade, except of motor vehicles and motorcycles",Total,41,23,.,517
2017,49 Land transport and transport via pipelines,Total,.,.,.,.
2017,50 Water transport,Total,.,.,.,.
2017,51 Air transport,Total,.,.,.,.
2017,52 Warehousing and support activities for transportation,Total,.,.,.,.
2017,53 Postal and courier activities,Total,.,.,.,.
2017,55 Accommodation,Total,491,187,.,3775
2017,56 Food and beverage service activities,Total,1597,690,26,17725
2017,58 Publishing activities,Total,.,.,.,.
2017,"59 Motion picture, video and television programme production, sound recording and music publishing activities",Total,.,.,.,.
2017,60 Programming and broadcasting activities,Total,.,.,.,.
2017,61 Telecommunications,Total,.,.,.,.
2017,"62 Computer programming, consultancy and related activities",Total,.,.,.,.
2017,63 Information service activities,Total,.,.,.,.
2017,"64 Financial service activities, except insurance and pension funding",Total,.,.,.,.
2017,"65 Insurance, reinsurance and pension funding, except compulsory social security",Total,2,1,0,6
2017,66 Activities auxiliary to financial services and insurance activities,Total,.,.,.,.
2017,68 Real estate activities,Total,.,.,.,.
2017,69 Legal and accounting activities,Total,.,.,.,.
2017,70 Activities of head offices; management consultancy activities,Total,.,.,.,.
2017,71 Architectural and engineering activities; technical testing and analysis,Total,1277,764,570,11323
2017,72 Scientific research and development,Total,.,.,.,.
2017,73 Advertising and market research,Total,.,.,.,.
2017,"74 Other professional, scientific and technical activities",Total,201,90,0,2876
2017,75 Veterinary activities,Total,.,.,.,.
2017,77 Rental and leasing activities,Total,.,.,.,.
2017,78 Employment activities,Total,.,.,.,.
2017,"79 Travel agency, tour operator and other reservation service and related activities",Total,199,62,.,1225
2017,80 Security and investigation activities,Total,.,.,.,.
2017,81 Services to buildings and landscape activities,Total,285,184,.,5414
2017,"82 Office administrative, office support and other business support activities",Total,.,.,.,.
2017,84 Public administration and defence; compulsory social security,Total,.,.,.,.
2017,85 Education,Total,.,.,.,.
2017,86 Human health activities,Total,.,.,.,.
2017,87 Residential care activities,Total,.,.,.,.
2017,88 Social work activities without accommodation,Total,.,.,.,.
2017,"90 Creative, arts and entertainment activities",Total,.,.,.,.
2017,"91 Libraries, archives, museums and other cultural activities",Total,38,47,0,1055
2017,92 Gambling and betting activities,Total,.,.,.,.
2017,93 Sports activities and amusement and recreation activities,Total,.,.,.,.
2017,94 Activities of membership organisations,Total,0,1,.,20
2017,95 Repair of computers and personal and household goods,Total,.,.,.,.
2017,96 Other personal service activities,Total,.,.,.,.
2017,97 Activities of households as employers of domestic personnel,Total,.,.,.,.
2017,98 Undifferentiated goods- and services-producing activities of private households for own use,Total,.,.,.,.
2017,99 Activities of extraterritorial organisations and bodies,Total,.,.,.,.
2018,"A Agriculture, forestry and fishing",Total,3269,2415,68,14095
2018,B Mining and quarrying,Total,5,2,1,20
2018,C Manufacturing,Total,11364,2721,7661,21480
2018,"D Electricity,  gas, steam and air conditioning supply",Total,4335,1947,6,5785
2018,"E Water supply; sewerage, waste management and remediation activities",Total,3744,1716,286,12646
2018,F Construction,Total,9081,3218,732,43808
2018,G Wholesale and retail trade; repair of motor vehicles and motorcycles,Total,163,86,5,1189
2018,H Transportation and storage,Total,.,.,.,.
2018,I Accommodation and food service activities,Total,2179,914,34,22525
2018,J Information and communication,Total,.,.,.,.
2018,K Financial and insurance activities,Total,2,1,0,5
2018,L Real estate activities,Total,.,.,.,.
2018,"M Professional, scientific and technical activities",Total,1450,823,357,13596
2018,N Administrative and support service activities,Total,558,286,.,7436
2018,O Public administration and defence; compulsory social security,Total,.,.,.,.
2018,P Education,Total,.,.,.,.
2018,Q Human health and social work activities,Total,.,.,.,.
2018,"R Arts, entertainment and recreation",Total,45,57,0,1222
2018,S Other service activities,Total,2,4,.,98
2018,T Activities of households as employers; undifferentiated goods- and services-producing activities of households for own use,Total,.,.,.,.
2018,U Activities of extraterritorial organisations and bodies,Total,.,.,.,.
2018,"01 Crop and animal production, hunting and related service activities",Total,142,43,9,2087
2018,02 Forestry and logging,Total,3127,2372,59,12007
2018,03 Fishing and aquaculture,Total,.,.,.,.
2018,05 Mining of coal and lignite,Total,.,.,.,.
2018,06 Extraction of crude petroleum and natural gas,Total,.,.,.,.
2018,07 Mining of metal ores,Total,.,.,.,.
2018,08 Other mining and quarrying,Total,5,2,1,20
2018,09 Mining support service activities,Total,.,.,.,.
2018,10 Manufacture of food products,Total,0,0,0,1
2018,11 Manufacture of beverages,Total,0,0,0,.
2018,12 Manufacture of tobacco products,Total,.,.,.,.
2018,13 Manufacture of textiles,Total,8,3,5,67
2018,14 Manufacture of wearing apparel,Total,.,.,.,.
2018,15 Manufacture of leather and related products,Total,.,.,.,.
2018,"16 Manufacture of wood and of products of wood and cork, except furniture; manufacture of articles of straw and plaiting materials",Total,548,113,238,1861
2018,17 Manufacture of paper and paper products,Total,2068,490,1553,2581
2018,18 Printing and reproduction of recorded media,Total,.,.,.,.
2018,19 Manufacture of coke and refined petroleum products,Total,.,.,.,.
2018,20 Manufacture of chemicals and chemical products,Total,2052,590,1574,3105
2018,21 Manufacture of basic pharmaceutical products and pharmaceutical preparations,Total,.,.,.,.
2018,22 Manufacture of rubber and plastic products,Total,219,76,120,945
2018,23 Manufacture of other non-metallic mineral products,Total,235,85,38,991
2018,24 Manufacture of basic metals,Total,4741,842,3202,6735
2018,"25 Manufacture of fabricated metal products, except machinery and equipment",Total,156,56,27,899
2018,"26 Manufacture of computer, electronic and optical products",Total,29,12,9,77
2018,27 Manufacture of electrical equipment,Total,868,298,666,2793
2018,28 Manufacture of machinery and equipment n.e.c.,Total,418,148,216,1325
2018,"29 Manufacture of motor vehicles, trailers and semi-trailers",Total,21,7,14,102
2018,30 Manufacture of other transport equipment,Total,.,.,.,.
2018,31 Manufacture of furniture,Total,.,.,.,.
2018,32 Other manufacturing,Total,.,.,.,.
2018,33 Repair and installation of machinery and equipment,Total,.,.,.,.
2018,"35 Electricity, gas, steam and air conditioning supply",Total,4335,1947,6,5785
2018,"36 Water collection, treatment and supply",Total,769,441,.,2600
2018,37 Sewerage,Total,765,460,.,2206
2018,"38 Waste collection, treatment and disposal activities; materials recovery",Total,2093,766,286,7450
2018,39 Remediation activities and other waste management services,Total,117,49,.,390
2018,41 Construction of buildings,Total,3583,1045,732,12507
2018,42 Civil engineering,Total,2013,741,.,10224
2018,43 Specialised construction activities,Total,3484,1433,.,21077
2018,45 Wholesale and retail trade and repair of motor vehicles and motorcycles,Total,.,.,.,.
2018,"46 Wholesale trade, except of motor vehicles and motorcycles",Total,126,65,5,721
2018,"47 Retail trade, except of motor vehicles and motorcycles",Total,38,21,0,469
2018,49 Land transport and transport via pipelines,Total,.,.,.,.
2018,50 Water transport,Total,.,.,.,.
2018,51 Air transport,Total,.,.,.,.
2018,52 Warehousing and support activities for transportation,Total,.,.,.,.
2018,53 Postal and courier activities,Total,.,.,.,.
2018,55 Accommodation,Total,495,189,.,4000
2018,56 Food and beverage service activities,Total,1684,725,34,18525
2018,58 Publishing activities,Total,.,.,.,.
2018,"59 Motion picture, video and television programme production, sound recording and music publishing activities",Total,.,.,.,.
2018,60 Programming and broadcasting activities,Total,.,.,.,.
2018,61 Telecommunications,Total,.,.,.,.
2018,"62 Computer programming, consultancy and related activities",Total,.,.,.,.
2018,63 Information service activities,Total,.,.,.,.
2018,"64 Financial service activities, except insurance and pension funding",Total,.,.,.,.
2018,"65 Insurance, reinsurance and pension funding, except compulsory social security",Total,2,1,0,5
2018,66 Activities auxiliary to financial services and insurance activities,Total,.,.,.,.
2018,68 Real estate activities,Total,.,.,.,.
2018,69 Legal and accounting activities,Total,.,.,.,.
2018,70 Activities of head offices; management consultancy activities,Total,.,.,.,.
2018,71 Architectural and engineering activities; technical testing and analysis,Total,1218,718,357,10341
2018,72 Scientific research and development,Total,.,.,.,.
2018,73 Advertising and market research,Total,.,.,.,.
2018,"74 Other professional, scientific and technical activities",Total,232,105,0,3255
2018,75 Veterinary activities,Total,.,.,.,.
2018,77 Rental and leasing activities,Total,.,.,.,.
2018,78 Employment activities,Total,.,.,.,.
2018,"79 Travel agency, tour operator and other reservation service and related activities",Total,211,67,.,1325
2018,80 Security and investigation activities,Total,.,.,.,.
2018,81 Services to buildings and landscape activities,Total,347,219,.,6111
2018,"82 Office administrative, office support and other business support activities",Total,.,.,.,.
2018,84 Public administration and defence; compulsory social security,Total,.,.,.,.
2018,85 Education,Total,.,.,.,.
2018,86 Human health activities,Total,.,.,.,.
2018,87 Residential care activities,Total,.,.,.,.
2018,88 Social work activities without accommodation,Total,.,.,.,.
2018,"90 Creative, arts and entertainment activities",Total,.,.,.,.
2018,"91 Libraries, archives, museums and other cultural activities",Total,45,57,0,1222
2018,92 Gambling and betting activities,Total,.,.,.,.
2018,93 Sports activities and amusement and recreation activities,Total,.,.,.,.
2018,94 Activities of membership organisations,Total,2,4,.,98
2018,95 Repair of computers and personal and household goods,Total,.,.,.,.
2018,96 Other personal service activities,Total,.,.,.,.
2018,97 Activities of households as employers of domestic personnel,Total,.,.,.,.
2018,98 Undifferentiated goods- and services-producing activities of private households for own use,Total,.,.,.,.
2018,99 Activities of extraterritorial organisations and bodies,Total,.,.,.,.
2019,"A Agriculture, forestry and fishing",Total,3122,2282,71,14667
2019,B Mining and quarrying,Total,5,2,1,20
2019,C Manufacturing,Total,11315,2647,7374,22295
2019,"D Electricity,  gas, steam and air conditioning supply",Total,4515,2203,2,5957
2019,"E Water supply; sewerage, waste management and remediation activities",Total,3723,1730,153,12945
2019,F Construction,Total,11122,3761,910,49490
2019,G Wholesale and retail trade; repair of motor vehicles and motorcycles,Total,153,80,5,1122
2019,H Transportation and storage,Total,.,.,.,.
2019,I Accommodation and food service activities,Total,2310,970,39,23800
2019,J Information and communication,Total,.,.,.,.
2019,K Financial and insurance activities,Total,2,1,0,6
2019,L Real estate activities,Total,.,.,.,.
2019,"M Professional, scientific and technical activities",Total,1320,746,284,12709
2019,N Administrative and support service activities,Total,620,319,.,8564
2019,O Public administration and defence; compulsory social security,Total,.,.,.,.
2019,P Education,Total,.,.,.,.
2019,Q Human health and social work activities,Total,.,.,.,.
2019,"R Arts, entertainment and recreation",Total,54,62,0,1324
2019,S Other service activities,Total,3,7,.,147
2019,T Activities of households as employers; undifferentiated goods- and services-producing activities of households for own use,Total,.,.,.,.
2019,U Activities of extraterritorial organisations and bodies,Total,.,.,.,.
2019,"01 Crop and animal production, hunting and related service activities",Total,170,57,11,2312
2019,02 Forestry and logging,Total,2952,2224,60,12355
2019,03 Fishing and aquaculture,Total,.,.,.,.
2019,05 Mining of coal and lignite,Total,.,.,.,.
2019,06 Extraction of crude petroleum and natural gas,Total,.,.,.,.
2019,07 Mining of metal ores,Total,.,.,.,.
2019,08 Other mining and quarrying,Total,5,2,1,20
2019,09 Mining support service activities,Total,.,.,.,.
2019,10 Manufacture of food products,Total,0,0,0,2
2019,11 Manufacture of beverages,Total,0,0,0,.
2019,12 Manufacture of tobacco products,Total,.,.,.,.
2019,13 Manufacture of textiles,Total,9,3,6,68
2019,14 Manufacture of wearing apparel,Total,.,.,.,.
2019,15 Manufacture of leather and related products,Total,.,.,.,.
2019,"16 Manufacture of wood and of products of wood and cork, except furniture; manufacture of articles of straw and plaiting materials",Total,654,126,256,2222
2019,17 Manufacture of paper and paper products,Total,2145,477,1518,2690
2019,18 Printing and reproduction of recorded media,Total,.,.,.,.
2019,19 Manufacture of coke and refined petroleum products,Total,.,.,.,.
2019,20 Manufacture of chemicals and chemical products,Total,1869,592,1364,2654
2019,21 Manufacture of basic pharmaceutical products and pharmaceutical preparations,Total,.,.,.,.
2019,22 Manufacture of rubber and plastic products,Total,222,78,122,967
2019,23 Manufacture of other non-metallic mineral products,Total,286,103,44,1211
2019,24 Manufacture of basic metals,Total,4589,727,3090,7051
2019,"25 Manufacture of fabricated metal products, except machinery and equipment",Total,193,68,46,1086
2019,"26 Manufacture of computer, electronic and optical products",Total,29,10,7,57
2019,27 Manufacture of electrical equipment,Total,835,295,655,2774
2019,28 Manufacture of machinery and equipment n.e.c.,Total,459,158,246,1399
2019,"29 Manufacture of motor vehicles, trailers and semi-trailers",Total,24,8,19,114
2019,30 Manufacture of other transport equipment,Total,.,.,.,.
2019,31 Manufacture of furniture,Total,.,.,.,.
2019,32 Other manufacturing,Total,.,.,.,.
2019,33 Repair and installation of machinery and equipment,Total,.,.,.,.
2019,"35 Electricity, gas, steam and air conditioning supply",Total,4515,2203,2,5957
2019,"36 Water collection, treatment and supply",Total,803,467,.,2600
2019,37 Sewerage,Total,779,477,.,2308
2019,"38 Waste collection, treatment and disposal activities; materials recovery",Total,2064,747,153,7656
2019,39 Remediation activities and other waste management services,Total,78,40,.,380
2019,41 Construction of buildings,Total,5333,1514,910,18356
2019,42 Civil engineering,Total,2165,772,.,10521
2019,43 Specialised construction activities,Total,3625,1475,.,20613
2019,45 Wholesale and retail trade and repair of motor vehicles and motorcycles,Total,.,.,.,.
2019,"46 Wholesale trade, except of motor vehicles and motorcycles",Total,113,58,5,637
2019,"47 Retail trade, except of motor vehicles and motorcycles",Total,40,22,0,485
2019,49 Land transport and transport via pipelines,Total,.,.,.,.
2019,50 Water transport,Total,.,.,.,.
2019,51 Air transport,Total,.,.,.,.
2019,52 Warehousing and support activities for transportation,Total,.,.,.,.
2019,53 Postal and courier activities,Total,.,.,.,.
2019,55 Accommodation,Total,519,200,.,4075
2019,56 Food and beverage service activities,Total,1792,770,39,19725
2019,58 Publishing activities,Total,.,.,.,.
2019,"59 Motion picture, video and television programme production, sound recording and music publishing activities",Total,.,.,.,.
2019,60 Programming and broadcasting activities,Total,.,.,.,.
2019,61 Telecommunications,Total,.,.,.,.
2019,"62 Computer programming, consultancy and related activities",Total,.,.,.,.
2019,63 Information service activities,Total,.,.,.,.
2019,"64 Financial service activities, except insurance and pension funding",Total,.,.,.,.
2019,"65 Insurance, reinsurance and pension funding, except compulsory social security",Total,2,1,0,6
2019,66 Activities auxiliary to financial services and insurance activities,Total,.,.,.,.
2019,68 Real estate activities,Total,.,.,.,.
2019,69 Legal and accounting activities,Total,.,.,.,.
2019,70 Activities of head offices; management consultancy activities,Total,.,.,.,.
2019,71 Architectural and engineering activities; technical testing and analysis,Total,1038,619,284,8785
2019,72 Scientific research and development,Total,.,.,.,.
2019,73 Advertising and market research,Total,.,.,.,.
2019,"74 Other professional, scientific and technical activities",Total,282,127,0,3924
2019,75 Veterinary activities,Total,.,.,.,.
2019,77 Rental and leasing activities,Total,.,.,.,.
2019,78 Employment activities,Total,.,.,.,.
2019,"79 Travel agency, tour operator and other reservation service and related activities",Total,211,65,.,1325
2019,80 Security and investigation activities,Total,.,.,.,.
2019,81 Services to buildings and landscape activities,Total,409,254,.,7239
2019,"82 Office administrative, office support and other business support activities",Total,.,.,.,.
2019,84 Public administration and defence; compulsory social security,Total,.,.,.,.
2019,85 Education,Total,.,.,.,.
2019,86 Human health activities,Total,.,.,.,.
2019,87 Residential care activities,Total,.,.,.,.
2019,88 Social work activities without accommodation,Total,.,.,.,.
2019,"90 Creative, arts and entertainment activities",Total,.,.,.,.
2019,"91 Libraries, archives, museums and other cultural activities",Total,54,62,0,1324
2019,92 Gambling and betting activities,Total,.,.,.,.
2019,93 Sports activities and amusement and recreation activities,Total,.,.,.,.
2019,94 Activities of membership organisations,Total,3,7,.,147
2019,95 Repair of computers and personal and household goods,Total,.,.,.,.
2019,96 Other personal service activities,Total,.,.,.,.
2019,97 Activities of households as employers of domestic personnel,Total,.,.,.,.
2019,98 Undifferentiated goods- and services-producing activities of private households for own use,Total,.,.,.,.
2019,99 Activities of extraterritorial organisations and bodies,Total,.,.,.,.
2020,"A Agriculture, forestry and fishing",Total,2952,2202,64,14195
2020,B Mining and quarrying,Total,7,2,1,26
2020,C Manufacturing,Total,12300,2795,8387,23747
2020,"D Electricity,  gas, steam and air conditioning supply",Total,4738,2420,2,7031
2020,"E Water supply; sewerage, waste management and remediation activities",Total,3681,1726,141,12464
2020,F Construction,Total,11980,3941,238,48434
2020,G Wholesale and retail trade; repair of motor vehicles and motorcycles,Total,163,87,6,1094
2020,H Transportation and storage,Total,.,.,.,.
2020,I Accommodation and food service activities,Total,1733,687,8,20325
2020,J Information and communication,Total,.,.,.,.
2020,K Financial and insurance activities,Total,2,1,0,5
2020,L Real estate activities,Total,.,.,.,.
2020,"M Professional, scientific and technical activities",Total,1120,629,226,10354
2020,N Administrative and support service activities,Total,535,309,.,9043
2020,O Public administration and defence; compulsory social security,Total,.,.,.,.
2020,P Education,Total,.,.,.,.
2020,Q Human health and social work activities,Total,.,.,.,.
2020,"R Arts, entertainment and recreation",Total,28,39,0,866
2020,S Other service activities,Total,3,7,.,158
2020,T Activities of households as employers; undifferentiated goods- and services-producing activities of households for own use,Total,.,.,.,.
2020,U Activities of extraterritorial organisations and bodies,Total,.,.,.,.
2020,"01 Crop and animal production, hunting and related service activities",Total,203,77,12,3063
2020,02 Forestry and logging,Total,2748,2125,52,11132
2020,03 Fishing and aquaculture,Total,.,.,.,.
2020,05 Mining of coal and lignite,Total,.,.,.,.
2020,06 Extraction of crude petroleum and natural gas,Total,.,.,.,.
2020,07 Mining of metal ores,Total,.,.,.,.
2020,08 Other mining and quarrying,Total,7,2,1,26
2020,09 Mining support service activities,Total,.,.,.,.
2020,10 Manufacture of food products,Total,0,0,0,1
2020,11 Manufacture of beverages,Total,0,0,0,.
2020,12 Manufacture of tobacco products,Total,.,.,.,.
2020,13 Manufacture of textiles,Total,8,3,4,54
2020,14 Manufacture of wearing apparel,Total,.,.,.,.
2020,15 Manufacture of leather and related products,Total,.,.,.,.
2020,"16 Manufacture of wood and of products of wood and cork, except furniture; manufacture of articles of straw and plaiting materials",Total,673,130,291,2292
2020,17 Manufacture of paper and paper products,Total,2008,409,1440,2907
2020,18 Printing and reproduction of recorded media,Total,.,.,.,.
2020,19 Manufacture of coke and refined petroleum products,Total,.,.,.,.
2020,20 Manufacture of chemicals and chemical products,Total,2926,876,1925,4046
2020,21 Manufacture of basic pharmaceutical products and pharmaceutical preparations,Total,.,.,.,.
2020,22 Manufacture of rubber and plastic products,Total,228,83,124,1037
2020,23 Manufacture of other non-metallic mineral products,Total,281,102,39,1206
2020,24 Manufacture of basic metals,Total,4731,674,3753,7061
2020,"25 Manufacture of fabricated metal products, except machinery and equipment",Total,197,73,34,1109
2020,"26 Manufacture of computer, electronic and optical products",Total,60,25,12,114
2020,27 Manufacture of electrical equipment,Total,743,264,516,2443
2020,28 Manufacture of machinery and equipment n.e.c.,Total,420,148,230,1359
2020,"29 Manufacture of motor vehicles, trailers and semi-trailers",Total,24,8,20,121
2020,30 Manufacture of other transport equipment,Total,.,.,.,.
2020,31 Manufacture of furniture,Total,.,.,.,.
2020,32 Other manufacturing,Total,.,.,.,.
2020,33 Repair and installation of machinery and equipment,Total,.,.,.,.
2020,"35 Electricity, gas, steam and air conditioning supply",Total,4738,2420,2,7031
2020,"36 Water collection, treatment and supply",Total,839,487,.,2700
2020,37 Sewerage,Total,815,484,.,2514
2020,"38 Waste collection, treatment and disposal activities; materials recovery",Total,1965,727,141,6912
2020,39 Remediation activities and other waste management services,Total,61,28,.,339
2020,41 Construction of buildings,Total,6044,1586,238,17541
2020,42 Civil engineering,Total,2388,882,.,11185
2020,43 Specialised construction activities,Total,3548,1473,.,19708
2020,45 Wholesale and retail trade and repair of motor vehicles and motorcycles,Total,.,.,.,.
2020,"46 Wholesale trade, except of motor vehicles and motorcycles",Total,126,67,6,691
2020,"47 Retail trade, except of motor vehicles and motorcycles",Total,36,20,0,403
2020,49 Land transport and transport via pipelines,Total,.,.,.,.
2020,50 Water transport,Total,.,.,.,.
2020,51 Air transport,Total,.,.,.,.
2020,52 Warehousing and support activities for transportation,Total,.,.,.,.
2020,53 Postal and courier activities,Total,.,.,.,.
2020,55 Accommodation,Total,320,99,.,3425
2020,56 Food and beverage service activities,Total,1413,588,8,16900
2020,58 Publishing activities,Total,.,.,.,.
2020,"59 Motion picture, video and television programme production, sound recording and music publishing activities",Total,.,.,.,.
2020,60 Programming and broadcasting activities,Total,.,.,.,.
2020,61 Telecommunications,Total,.,.,.,.
2020,"62 Computer programming, consultancy and related activities",Total,.,.,.,.
2020,63 Information service activities,Total,.,.,.,.
2020,"64 Financial service activities, except insurance and pension funding",Total,.,.,.,.
2020,"65 Insurance, reinsurance and pension funding, except compulsory social security",Total,2,1,0,5
2020,66 Activities auxiliary to financial services and insurance activities,Total,.,.,.,.
2020,68 Real estate activities,Total,.,.,.,.
2020,69 Legal and accounting activities,Total,.,.,.,.
2020,70 Activities of head offices; management consultancy activities,Total,.,.,.,.
2020,71 Architectural and engineering activities; technical testing and analysis,Total,983,568,226,8281
2020,72 Scientific research and development,Total,.,.,.,.
2020,73 Advertising and market research,Total,.,.,.,.
2020,"74 Other professional, scientific and technical activities",Total,137,61,0,2073
2020,75 Veterinary activities,Total,.,.,.,.
2020,77 Rental and leasing activities,Total,.,.,.,.
2020,78 Employment activities,Total,.,.,.,.
2020,"79 Travel agency, tour operator and other reservation service and related activities",Total,90,32,.,1075
2020,80 Security and investigation activities,Total,.,.,.,.
2020,81 Services to buildings and landscape activities,Total,445,277,.,7968
2020,"82 Office administrative, office support and other business support activities",Total,.,.,.,.
2020,84 Public administration and defence; compulsory social security,Total,.,.,.,.
2020,85 Education,Total,.,.,.,.
2020,86 Human health activities,Total,.,.,.,.
2020,87 Residential care activities,Total,.,.,.,.
2020,88 Social work activities without accommodation,Total,.,.,.,.
2020,"90 Creative, arts and entertainment activities",Total,.,.,.,.
2020,"91 Libraries, archives, museums and other cultural activities",Total,28,39,0,866
2020,92 Gambling and betting activities,Total,.,.,.,.
2020,93 Sports activities and amusement and recreation activities,Total,.,.,.,.
2020,94 Activities of membership organisations,Total,3,7,.,158
2020,95 Repair of computers and personal and household goods,Total,.,.,.,.
2020,96 Other personal service activities,Total,.,.,.,.
2020,97 Activities of households as employers of domestic personnel,Total,.,.,.,.
2020,98 Undifferentiated goods- and services-producing activities of private households for own use,Total,.,.,.,.
2020,99 Activities of extraterritorial organisations and bodies,Total,.,.,.,.
2021,"A Agriculture, forestry and fishing",Total,3309,2430,66,15168
2021,B Mining and quarrying,Total,9,3,1,40
2021,C Manufacturing,Total,13392,2866,7244,21343
2021,"D Electricity,  gas, steam and air conditioning supply",Total,6130,2884,2,7618
2021,"E Water supply; sewerage, waste management and remediation activities",Total,3688,1679,119,12220
2021,F Construction,Total,13072,4304,238,50564
2021,G Wholesale and retail trade; repair of motor vehicles and motorcycles,Total,204,107,7,1287
2021,H Transportation and storage,Total,.,.,.,.
2021,I Accommodation and food service activities,Total,1819,722,8,20975
2021,J Information and communication,Total,.,.,.,.
2021,K Financial and insurance activities,Total,2,1,0,5
2021,L Real estate activities,Total,.,.,.,.
2021,"M Professional, scientific and technical activities",Total,1161,632,222,10545
2021,N Administrative and support service activities,Total,615,356,.,10398
2021,O Public administration and defence; compulsory social security,Total,.,.,.,.
2021,P Education,Total,.,.,.,.
2021,Q Human health and social work activities,Total,.,.,.,.
2021,"R Arts, entertainment and recreation",Total,27,38,0,914
2021,S Other service activities,Total,4,9,.,187
2021,T Activities of households as employers; undifferentiated goods- and services-producing activities of households for own use,Total,.,.,.,.
2021,U Activities of extraterritorial organisations and bodies,Total,.,.,.,.
2021,"01 Crop and animal production, hunting and related service activities",Total,201,62,12,2907
2021,02 Forestry and logging,Total,3109,2367,55,12261
2021,03 Fishing and aquaculture,Total,.,.,.,.
2021,05 Mining of coal and lignite,Total,.,.,.,.
2021,06 Extraction of crude petroleum and natural gas,Total,.,.,.,.
2021,07 Mining of metal ores,Total,.,.,.,.
2021,08 Other mining and quarrying,Total,9,3,1,40
2021,09 Mining support service activities,Total,.,.,.,.
2021,10 Manufacture of food products,Total,0,0,0,0
2021,11 Manufacture of beverages,Total,0,0,0,.
2021,12 Manufacture of tobacco products,Total,.,.,.,.
2021,13 Manufacture of textiles,Total,9,4,4,56
2021,14 Manufacture of wearing apparel,Total,.,.,.,.
2021,15 Manufacture of leather and related products,Total,.,.,.,.
2021,"16 Manufacture of wood and of products of wood and cork, except furniture; manufacture of articles of straw and plaiting materials",Total,776,192,255,2123
2021,17 Manufacture of paper and paper products,Total,2196,447,1328,2608
2021,18 Printing and reproduction of recorded media,Total,.,.,.,.
2021,19 Manufacture of coke and refined petroleum products,Total,.,.,.,.
2021,20 Manufacture of chemicals and chemical products,Total,3692,922,2046,4399
2021,21 Manufacture of basic pharmaceutical products and pharmaceutical preparations,Total,.,.,.,.
2021,22 Manufacture of rubber and plastic products,Total,249,86,115,986
2021,23 Manufacture of other non-metallic mineral products,Total,307,97,39,1206
2021,24 Manufacture of basic metals,Total,4731,619,2703,5233
2021,"25 Manufacture of fabricated metal products, except machinery and equipment",Total,185,68,27,900
2021,"26 Manufacture of computer, electronic and optical products",Total,54,23,11,103
2021,27 Manufacture of electrical equipment,Total,823,281,527,2585
2021,28 Manufacture of machinery and equipment n.e.c.,Total,351,123,177,1060
2021,"29 Manufacture of motor vehicles, trailers and semi-trailers",Total,17,6,13,84
2021,30 Manufacture of other transport equipment,Total,.,.,.,.
2021,31 Manufacture of furniture,Total,.,.,.,.
2021,32 Other manufacturing,Total,.,.,.,.
2021,33 Repair and installation of machinery and equipment,Total,.,.,.,.
2021,"35 Electricity, gas, steam and air conditioning supply",Total,6130,2884,2,7618
2021,"36 Water collection, treatment and supply",Total,808,458,.,2800
2021,37 Sewerage,Total,837,489,.,2614
2021,"38 Waste collection, treatment and disposal activities; materials recovery",Total,1981,705,119,6481
2021,39 Remediation activities and other waste management services,Total,61,27,.,325
2021,41 Construction of buildings,Total,6044,1555,238,15330
2021,42 Civil engineering,Total,3140,1135,.,14471
2021,43 Specialised construction activities,Total,3888,1614,.,20764
2021,45 Wholesale and retail trade and repair of motor vehicles and motorcycles,Total,.,.,.,.
2021,"46 Wholesale trade, except of motor vehicles and motorcycles",Total,169,88,7,900
2021,"47 Retail trade, except of motor vehicles and motorcycles",Total,35,19,0,387
2021,49 Land transport and transport via pipelines,Total,.,.,.,.
2021,50 Water transport,Total,.,.,.,.
2021,51 Air transport,Total,.,.,.,.
2021,52 Warehousing and support activities for transportation,Total,.,.,.,.
2021,53 Postal and courier activities,Total,.,.,.,.
2021,55 Accommodation,Total,350,111,.,3425
2021,56 Food and beverage service activities,Total,1469,612,8,17550
2021,58 Publishing activities,Total,.,.,.,.
2021,"59 Motion picture, video and television programme production, sound recording and music publishing activities",Total,.,.,.,.
2021,60 Programming and broadcasting activities,Total,.,.,.,.
2021,61 Telecommunications,Total,.,.,.,.
2021,"62 Computer programming, consultancy and related activities",Total,.,.,.,.
2021,63 Information service activities,Total,.,.,.,.
2021,"64 Financial service activities, except insurance and pension funding",Total,.,.,.,.
2021,"65 Insurance, reinsurance and pension funding, except compulsory social security",Total,2,1,0,5
2021,66 Activities auxiliary to financial services and insurance activities,Total,.,.,.,.
2021,68 Real estate activities,Total,.,.,.,.
2021,69 Legal and accounting activities,Total,.,.,.,.
2021,70 Activities of head offices; management consultancy activities,Total,.,.,.,.
2021,71 Architectural and engineering activities; technical testing and analysis,Total,991,559,222,8285
2021,72 Scientific research and development,Total,.,.,.,.
2021,73 Advertising and market research,Total,.,.,.,.
2021,"74 Other professional, scientific and technical activities",Total,170,74,0,2261
2021,75 Veterinary activities,Total,.,.,.,.
2021,77 Rental and leasing activities,Total,.,.,.,.
2021,78 Employment activities,Total,.,.,.,.
2021,"79 Travel agency, tour operator and other reservation service and related activities",Total,81,29,.,925
2021,80 Security and investigation activities,Total,.,.,.,.
2021,81 Services to buildings and landscape activities,Total,535,328,.,9473
2021,"82 Office administrative, office support and other business support activities",Total,.,.,.,.
2021,84 Public administration and defence; compulsory social security,Total,.,.,.,.
2021,85 Education,Total,.,.,.,.
2021,86 Human health activities,Total,.,.,.,.
2021,87 Residential care activities,Total,.,.,.,.
2021,88 Social work activities without accommodation,Total,.,.,.,.
2021,"90 Creative, arts and entertainment activities",Total,.,.,.,.
2021,"91 Libraries, archives, museums and other cultural activities",Total,27,38,0,914
2021,92 Gambling and betting activities,Total,.,.,.,.
2021,93 Sports activities and amusement and recreation activities,Total,.,.,.,.
2021,94 Activities of membership organisations,Total,4,9,.,187
2021,95 Repair of computers and personal and household goods,Total,.,.,.,.
2021,96 Other personal service activities,Total,.,.,.,.
2021,97 Activities of households as employers of domestic personnel,Total,.,.,.,.
2021,98 Undifferentiated goods- and services-producing activities of private households for own use,Total,.,.,.,.
2021,99 Activities of extraterritorial organisations and bodies,Total,.,.,.,.
